images,name,published
"[{'url': 'https://images.unsplash.com/photo-1719937206168-f4c829152b91?fm=jpg&q=60&w=3000&ixlib=rb-4.0.3&ixid=M3wxMjA3fDB8MHxwaG90by1wYWdlfHx8fGVufDB8fHx8fA%3D%3D', 'path': 'full/4079806a4e166015569ebf4ef57a3e7d3cd5a8aa.jpg', 'checksum': 'd967afffc9318aec2dd5696e02237745', 'status': 'downloaded'}]",A person using a laptop computer on a table,"July 2, 2024 (UTC)"
"[{'url': 'https://images.unsplash.com/photo-1722352566806-dad00329109c?fm=jpg&q=60&w=3000&ixlib=rb-4.0.3&ixid=M3wxMjA3fDB8MHxwaG90by1wYWdlfHx8fGVufDB8fHx8fA%3D%3D', 'path': 'full/2de0b0d090743fb6f84fe3a6c8a0ec11539aeaaf.jpg', 'checksum': 'da6287893a3cb9a3c24d292300e485bf', 'status': 'downloaded'}]",A small wooden shack sitting on top of a sandy beach,"July 30, 2024 (UTC)"
"[{'url': 'https://images.unsplash.com/photo-1722248240756-aedaebd02b37?fm=jpg&q=60&w=3000&ixlib=rb-4.0.3&ixid=M3wxMjA3fDB8MHxwaG90by1wYWdlfHx8fGVufDB8fHx8fA%3D%3D', 'path': 'full/6ecdcf7212325cfbd83c805d07f608a5365c5db5.jpg', 'checksum': '0a7fb08bf3f0dec6389304ac1b28b7ab', 'status': 'downloaded'}]",A white dresser topped with a mirror and a potted plant,"July 29, 2024 (UTC)"
"[{'url': 'https://plus.unsplash.com/premium_photo-1722377372981-49848d7e4dd4?fm=jpg&q=60&w=3000&ixlib=rb-4.0.3&ixid=M3wxMjA3fDB8MHxwaG90by1wYWdlfHx8fGVufDB8fHx8fA%3D%3D', 'path': 'full/38a686b4d8b460ab798914dad707b97653c814c8.jpg', 'checksum': '4426b1f7d274480da5eca49ea55c6e93', 'status': 'downloaded'}]",A woman sitting on the ground holding a little girl,"July 31, 2024 (UTC)"
"[{'url': 'https://images.unsplash.com/photo-1719937206220-f7c76cc23d78?fm=jpg&q=60&w=3000&ixlib=rb-4.0.3&ixid=M3wxMjA3fDB8MHxwaG90by1wYWdlfHx8fGVufDB8fHx8fA%3D%3D', 'path': 'full/90ad58ec38a905545b70d836e79b9620f08eb44c.jpg', 'checksum': 'd84c8cbdc493faf865c2fbc04df91463', 'status': 'downloaded'}]",A man sitting in front of a laptop computer,"July 2, 2024 (UTC)"
"[{'url': 'https://images.unsplash.com/photo-1705179116249-a659af885205?fm=jpg&q=60&w=3000&ixlib=rb-4.0.3&ixid=M3wxMjA3fDB8MHxwaG90by1wYWdlfHx8fGVufDB8fHx8fA%3D%3D', 'path': 'full/1bf3ff8a7b9f99a2a15fdef422c2f9ce5dc8e1e9.jpg', 'checksum': '237d3d664bcdd97330345d74ba6bfa97', 'status': 'downloaded'}]",a woman sitting on the floor in front of a christmas tree,"January 13, 2024 (UTC)"
"[{'url': 'https://images.unsplash.com/photo-1722342618130-6bb50c18550a?fm=jpg&q=60&w=3000&ixlib=rb-4.0.3&ixid=M3wxMjA3fDB8MHxwaG90by1wYWdlfHx8fGVufDB8fHx8fA%3D%3D', 'path': 'full/fa1a62a0afe79c2fb9319cac1d6781f8ef7bc11f.jpg', 'checksum': 'd45a3d941903120dac2944b8c3b1022a', 'status': 'downloaded'}]",A lighthouse on top of a rocky cliff,"July 30, 2024 (UTC)"
"[{'url': 'https://plus.unsplash.com/premium_photo-1721995001729-36b0e52f6c42?fm=jpg&q=60&w=3000&ixlib=rb-4.0.3&ixid=M3wxMjA3fDB8MHxwaG90by1wYWdlfHx8fGVufDB8fHx8fA%3D%3D', 'path': 'full/d521ac0cc386783d81e560bc12b1bd133b83b8f7.jpg', 'checksum': '8ebf20821761599135e2f50be848cf5d', 'status': 'downloaded'}]",A mountain range with a body of water in the foreground,"July 29, 2024 (UTC)"
"[{'url': 'https://images.unsplash.com/photo-1722343655851-c996945db672?fm=jpg&q=60&w=3000&ixlib=rb-4.0.3&ixid=M3wxMjA3fDB8MHxwaG90by1wYWdlfHx8fGVufDB8fHx8fA%3D%3D', 'path': 'full/61843cae1003f1f51ddc152203396c0bfe4a85e6.jpg', 'checksum': 'dde7dd896aa695f44eca2b01a0405607', 'status': 'downloaded'}]",A dining room table and chairs in a room,"July 30, 2024 (UTC)"
"[{'url': 'https://images.unsplash.com/photo-1719937206667-ac87c15ad3e9?fm=jpg&q=60&w=3000&ixlib=rb-4.0.3&ixid=M3wxMjA3fDB8MHxwaG90by1wYWdlfHx8fGVufDB8fHx8fA%3D%3D', 'path': 'full/bdd44fb5a07c1c24ed96ffc7cc42da26258dbbcc.jpg', 'checksum': '06ce96367df6b90f6b5cdb51a504688b', 'status': 'downloaded'}]",A person using a laptop computer with a mouse,"July 2, 2024 (UTC)"
"[{'url': 'https://images.unsplash.com/photo-1722353617129-e44c05bd012f?fm=jpg&q=60&w=3000&ixlib=rb-4.0.3&ixid=M3wxMjA3fDB8MHxwaG90by1wYWdlfHx8fGVufDB8fHx8fA%3D%3D', 'path': 'full/37a1eb0db967b06ac6e9c365dad3dbc9d8eff605.jpg', 'checksum': '39ed39a15cbfb884785ae294a7eb8b0d', 'status': 'downloaded'}]",A man and a woman sitting on a pier looking at the ocean,"July 30, 2024 (UTC)"
"[{'url': 'https://images.unsplash.com/photo-1722352567372-a826494a5cb9?fm=jpg&q=60&w=3000&ixlib=rb-4.0.3&ixid=M3wxMjA3fDB8MHxwaG90by1wYWdlfHx8fGVufDB8fHx8fA%3D%3D', 'path': 'full/82b5cdbca56c4a7ec83f9a19990af53af3849f4a.jpg', 'checksum': 'ef3e8bd658bb07e62dc97fb155aa42e6', 'status': 'downloaded'}]",A blurry photo of the sun setting over a desert,"July 30, 2024 (UTC)"
"[{'url': 'https://plus.unsplash.com/premium_photo-1722025274771-cd0adaf26f08?fm=jpg&q=60&w=3000&ixlib=rb-4.0.3&ixid=M3wxMjA3fDB8MHxwaG90by1wYWdlfHx8fGVufDB8fHx8fA%3D%3D', 'path': 'full/bb66ba1defe6cb3055fa9a2b887f3251e34ce33c.jpg', 'checksum': 'a64492be9e10eb34300f2d6a65a1dcc5', 'status': 'downloaded'}]",A row of boats sitting on top of a lake,"July 29, 2024 (UTC)"
"[{'url': 'https://images.unsplash.com/photo-1722353619589-5baa433c3fab?fm=jpg&q=60&w=3000&ixlib=rb-4.0.3&ixid=M3wxMjA3fDB8MHxwaG90by1wYWdlfHx8fGVufDB8fHx8fA%3D%3D', 'path': 'full/b9b63451ded4b6bc2981558a57e79d6dd10a95f2.jpg', 'checksum': 'e021a9f1911ec9fbdeaa92f08d92b716', 'status': 'downloaded'}]",A dog walking down a tree lined road,"July 30, 2024 (UTC)"
"[{'url': 'https://images.unsplash.com/photo-1721332153282-3be1f363074d?fm=jpg&q=60&w=3000&ixlib=rb-4.0.3&ixid=M3wxMjA3fDB8MHxwaG90by1wYWdlfHx8fGVufDB8fHx8fA%3D%3D', 'path': 'full/100506734a2392bb12f2e50ff10f5cad1796d70e.jpg', 'checksum': 'df40e98bd77c8051d83bbb779d1ea01a', 'status': 'downloaded'}]",A broken laptop computer sitting on top of a table,"July 18, 2024 (UTC)"
"[{'url': 'https://images.unsplash.com/photo-1722399442178-dd5a0faa2d58?fm=jpg&q=60&w=3000&ixlib=rb-4.0.3&ixid=M3wxMjA3fDB8MHxwaG90by1wYWdlfHx8fGVufDB8fHx8fA%3D%3D', 'path': 'full/a51ec7b6e93feabc31844f1ac8119c9f21b2f38d.jpg', 'checksum': '732311fd09fdb9a643fbcdaf4133d526', 'status': 'downloaded'}]",A couple of people standing on top of a sandy beach,"July 31, 2024 (UTC)"
"[{'url': 'https://images.unsplash.com/photo-1722431096503-3dad915732ae?fm=jpg&q=60&w=3000&ixlib=rb-4.0.3&ixid=M3wxMjA3fDB8MHxwaG90by1wYWdlfHx8fGVufDB8fHx8fA%3D%3D', 'path': 'full/fb15480dfdbf9319ff5605b38aa26b71382cb6eb.jpg', 'checksum': '1e8669c9cb684b6062e457394995efeb', 'status': 'downloaded'}]",A group of people walking down a street next to tall buildings,"July 31, 2024 (UTC)"
"[{'url': 'https://plus.unsplash.com/premium_photo-1722201172121-a36b8ea02866?fm=jpg&q=60&w=3000&ixlib=rb-4.0.3&ixid=M3wxMjA3fDB8MHxwaG90by1wYWdlfHx8fGVufDB8fHx8fA%3D%3D', 'path': 'full/31d4d7f5929edd545332be56572967f862bb2134.jpg', 'checksum': 'adabfd92b728c13b32273d5b64f18db9', 'status': 'downloaded'}]",A fountain with statues and water in front of a building,"July 29, 2024 (UTC)"
"[{'url': 'https://images.unsplash.com/photo-1722240515817-81a25bb717ca?fm=jpg&q=60&w=3000&ixlib=rb-4.0.3&ixid=M3wxMjA3fDB8MHxwaG90by1wYWdlfHx8fGVufDB8fHx8fA%3D%3D', 'path': 'full/97772e0985581a7171662f8f1c104ff800b4e2c5.jpg', 'checksum': '691e1d74fc774aed7e42f77093da9840', 'status': 'downloaded'}]",Looking up at a tall building with balconies,"July 29, 2024 (UTC)"
"[{'url': 'https://images.unsplash.com/photo-1719937206590-6cb10b099e0f?fm=jpg&q=60&w=3000&ixlib=rb-4.0.3&ixid=M3wxMjA3fDB8MHxwaG90by1wYWdlfHx8fGVufDB8fHx8fA%3D%3D', 'path': 'full/a58b95ff1bb77a9172e427fa167f60b16dc3876c.jpg', 'checksum': '13dc71e1fd7889db3112bfd2d81e35a2', 'status': 'downloaded'}]",A woman sitting in front of a laptop computer,"July 2, 2024 (UTC)"
"[{'url': 'https://images.unsplash.com/photo-1722343879466-7dcda68a48cc?fm=jpg&q=60&w=3000&ixlib=rb-4.0.3&ixid=M3wxMjA3fDB8MHxwaG90by1wYWdlfHx8fGVufDB8fHx8fA%3D%3D', 'path': 'full/800115757de61181e3e029e891e7487ccb3a6f16.jpg', 'checksum': '7c3a2d36572dff084259690737d37929', 'status': 'downloaded'}]",A living room filled with furniture and a book shelf,"July 30, 2024 (UTC)"
"[{'url': 'https://images.unsplash.com/photo-1722359546494-8e3a00f88e95?fm=jpg&q=60&w=3000&ixlib=rb-4.0.3&ixid=M3wxMjA3fDB8MHxwaG90by1wYWdlfHx8fGVufDB8fHx8fA%3D%3D', 'path': 'full/2457164ea60a4f9f383e443b9363502a2d1b9f63.jpg', 'checksum': '6fbeb525d8337a941d8c433955a884e1', 'status': 'downloaded'}]",An aerial view of a beach and a body of water,"July 30, 2024 (UTC)"
"[{'url': 'https://images.unsplash.com/photo-1722352565752-2ceba1ea905c?fm=jpg&q=60&w=3000&ixlib=rb-4.0.3&ixid=M3wxMjA3fDB8MHxwaG90by1wYWdlfHx8fGVufDB8fHx8fA%3D%3D', 'path': 'full/2f29cff40ee30fe13f56de2c9ab0563c7d355419.jpg', 'checksum': 'a4ef375b6858ddcf32333669b5fc5be0', 'status': 'downloaded'}]",A man carrying a surfboard on top of a sandy beach,"July 30, 2024 (UTC)"
"[{'url': 'https://plus.unsplash.com/premium_photo-1721980274417-8d3d99e69ba0?fm=jpg&q=60&w=3000&ixlib=rb-4.0.3&ixid=M3wxMjA3fDB8MHxwaG90by1wYWdlfHx8fGVufDB8fHx8fA%3D%3D', 'path': 'full/3464f7da89a039e26cd4d634472f3cb1664d3418.jpg', 'checksum': 'b828d20f9b63b4b9884c4bbc8389618b', 'status': 'downloaded'}]",A group of sand dunes in the desert,"July 26, 2024 (UTC)"
